feature,importance
hexamer_score,0.2062225522217245
longest_orf,0.1626561700402271
orf_length_ratio,0.08985470592124459
kmer_entropy_orf,0.05662177365038833
fickett_score,0.056265732420879754
orf_coverage,0.034858487193282016
kozak_score,0.03348232986854468
length,0.03152329136317057
cga,0.018789339496713985
gcg,0.014376124970392194
cgg,0.01416529441937162
ccg,0.013233185368128885
n_orfs,0.012807701617312593
enc,0.011727858293932263
tcg,0.010812966425113264
kmer_entropy,0.010674155821223741
tag,0.00987148117224598
cgc,0.008235271100122421
taa,0.008028473921304066
utr_ratio,0.007554287440194691
cac,0.00666120519967289
gc_content,0.006129983836347644
tac,0.005766164568194595
atg,0.005467114846276589
gat,0.005428925779391106
cgt,0.004895407538670536
agg,0.004867368814673926
acg,0.004624958037900923
gaa,0.0045096496246891495
aaa,0.004283787741573659
ctc,0.004200781449829163
aat,0.003946968801130025
gac,0.003871085500782033
tgg,0.003802122565808699
ggg,0.003740745450560617
aag,0.003562682643109522
tta,0.0035508038479683556
gga,0.0033264825767158634
orf_density,0.003301360059691688
gcc,0.0032726390557649802
cta,0.00327006371369752
ctg,0.00321801344647051
atc,0.0030868064884650185
ccc,0.003051981462295346
gct,0.0030124604369916033
caa,0.0029604202706202316
ttt,0.0028669972059154397
tga,0.002866535845371066
tgc,0.002861278251783633
tct,0.00283222027784584
ggt,0.0028265622848582662
ttg,0.002799477687446051
aca,0.0027805239433649855
att,0.002706387089301641
ggc,0.0027038283725541305
tat,0.0026666338300326085
tgt,0.0026605147932699026
aga,0.0026059607809091373
cat,0.0026015983958602397
cca,0.002570613283879862
ttc,0.0025684563757701773
cag,0.0025313415853143494
tcc,0.002519973470835339
ata,0.002479834192403174
gtg,0.0024644798659229214
gta,0.0024512633638216932
agc,0.0024205534595552595
ctt,0.0023769702342479053
acc,0.0023468642845846867
gag,0.00234176609915354
gtt,0.002336457210605682
agt,0.0023115377818536537
gtc,0.0022273349761422344
cct,0.002220353982293663
tca,0.0022161959165551506
act,0.002146732994982419
aac,0.002065746378347123
gca,0.002053839302408739
